value range,counter,percentage,nth,HistogramType
[0 ~ 10000),850,0.085,0,GT
[10000 ~ 20000),1531,0.1531,0,GT
[20000 ~ 30000),2113,0.2113,0,GT
[30000 ~ 40000),2471,0.2471,0,GT
[40000 ~ 50000),2133,0.2133,0,GT
[50000 ~ 60000),782,0.0782,0,GT
[60000 ~ 70000),113,0.0113,0,GT
[70000 ~ 80000),7,0.0007,0,GT
[80000 ~ 90000),0,0,0,GT
[90000 ~ 100000],0,0,0,GT
[0 ~ 10000),550,0.055,9,GT
[10000 ~ 20000),1029,0.1029,9,GT
[20000 ~ 30000),1517,0.1517,9,GT
[30000 ~ 40000),1988,0.1988,9,GT
[40000 ~ 50000),2327,0.2327,9,GT
[50000 ~ 60000),1880,0.188,9,GT
[60000 ~ 70000),623,0.0623,9,GT
[70000 ~ 80000),81,0.0081,9,GT
[80000 ~ 90000),5,0.0005,9,GT
[90000 ~ 100000],0,0,9,GT
[0 ~ 10000),300000,1,0,CENTROID
[10000 ~ 20000),0,0,0,CENTROID
[20000 ~ 30000),0,0,0,CENTROID
[30000 ~ 40000),0,0,0,CENTROID
[40000 ~ 50000),0,0,0,CENTROID
[50000 ~ 60000),0,0,0,CENTROID
[60000 ~ 70000),0,0,0,CENTROID
[70000 ~ 80000),0,0,0,CENTROID
[80000 ~ 90000),0,0,0,CENTROID
[90000 ~ 100000],0,0,0,CENTROID
[0 ~ 10000),88616,0.295387,1,CENTROID
[10000 ~ 20000),204868,0.682893,1,CENTROID
[20000 ~ 30000),6505,0.0216833,1,CENTROID
[30000 ~ 40000),10,3.33333e-05,1,CENTROID
[40000 ~ 50000),0,0,1,CENTROID
[50000 ~ 60000),1,3.33333e-06,1,CENTROID
[60000 ~ 70000),0,0,1,CENTROID
[70000 ~ 80000),0,0,1,CENTROID
[80000 ~ 90000),0,0,1,CENTROID
[90000 ~ 100000],0,0,1,CENTROID
[0 ~ 10000),69870,0.2329,2,CENTROID
[10000 ~ 20000),212327,0.707757,2,CENTROID
[20000 ~ 30000),17769,0.05923,2,CENTROID
[30000 ~ 40000),32,0.000106667,2,CENTROID
[40000 ~ 50000),1,3.33333e-06,2,CENTROID
[50000 ~ 60000),1,3.33333e-06,2,CENTROID
[60000 ~ 70000),0,0,2,CENTROID
[70000 ~ 80000),0,0,2,CENTROID
[80000 ~ 90000),0,0,2,CENTROID
[90000 ~ 100000],0,0,2,CENTROID
[0 ~ 10000),61125,0.20375,3,CENTROID
[10000 ~ 20000),206851,0.689503,3,CENTROID
[20000 ~ 30000),31939,0.106463,3,CENTROID
[30000 ~ 40000),81,0.00027,3,CENTROID
[40000 ~ 50000),3,1e-05,3,CENTROID
[50000 ~ 60000),1,3.33333e-06,3,CENTROID
[60000 ~ 70000),0,0,3,CENTROID
[70000 ~ 80000),0,0,3,CENTROID
[80000 ~ 90000),0,0,3,CENTROID
[90000 ~ 100000],0,0,3,CENTROID
[0 ~ 10000),55649,0.185497,4,CENTROID
[10000 ~ 20000),197028,0.65676,4,CENTROID
[20000 ~ 30000),47163,0.15721,4,CENTROID
[30000 ~ 40000),144,0.00048,4,CENTROID
[40000 ~ 50000),10,3.33333e-05,4,CENTROID
[50000 ~ 60000),6,2e-05,4,CENTROID
[60000 ~ 70000),0,0,4,CENTROID
[70000 ~ 80000),0,0,4,CENTROID
[80000 ~ 90000),0,0,4,CENTROID
[90000 ~ 100000],0,0,4,CENTROID
[0 ~ 10000),51609,0.17203,5,CENTROID
[10000 ~ 20000),186433,0.621443,5,CENTROID
[20000 ~ 30000),61713,0.20571,5,CENTROID
[30000 ~ 40000),222,0.00074,5,CENTROID
[40000 ~ 50000),15,5e-05,5,CENTROID
[50000 ~ 60000),6,2e-05,5,CENTROID
[60000 ~ 70000),2,6.66667e-06,5,CENTROID
[70000 ~ 80000),0,0,5,CENTROID
[80000 ~ 90000),0,0,5,CENTROID
[90000 ~ 100000],0,0,5,CENTROID
[0 ~ 10000),48383,0.161277,6,CENTROID
[10000 ~ 20000),175624,0.585413,6,CENTROID
[20000 ~ 30000),75655,0.252183,6,CENTROID
[30000 ~ 40000),311,0.00103667,6,CENTROID
[40000 ~ 50000),16,5.33333e-05,6,CENTROID
[50000 ~ 60000),6,2e-05,6,CENTROID
[60000 ~ 70000),5,1.66667e-05,6,CENTROID
[70000 ~ 80000),0,0,6,CENTROID
[80000 ~ 90000),0,0,6,CENTROID
[90000 ~ 100000],0,0,6,CENTROID
[0 ~ 10000),45907,0.153023,7,CENTROID
[10000 ~ 20000),165099,0.55033,7,CENTROID
[20000 ~ 30000),88521,0.29507,7,CENTROID
[30000 ~ 40000),441,0.00147,7,CENTROID
[40000 ~ 50000),21,7e-05,7,CENTROID
[50000 ~ 60000),5,1.66667e-05,7,CENTROID
[60000 ~ 70000),6,2e-05,7,CENTROID
[70000 ~ 80000),0,0,7,CENTROID
[80000 ~ 90000),0,0,7,CENTROID
[90000 ~ 100000],0,0,7,CENTROID
[0 ~ 10000),43884,0.14628,8,CENTROID
[10000 ~ 20000),155743,0.519143,8,CENTROID
[20000 ~ 30000),99734,0.332447,8,CENTROID
[30000 ~ 40000),601,0.00200333,8,CENTROID
[40000 ~ 50000),25,8.33333e-05,8,CENTROID
[50000 ~ 60000),6,2e-05,8,CENTROID
[60000 ~ 70000),7,2.33333e-05,8,CENTROID
[70000 ~ 80000),0,0,8,CENTROID
[80000 ~ 90000),0,0,8,CENTROID
[90000 ~ 100000],0,0,8,CENTROID
[0 ~ 10000),42092,0.140307,9,CENTROID
[10000 ~ 20000),147310,0.491033,9,CENTROID
[20000 ~ 30000),109753,0.365843,9,CENTROID
[30000 ~ 40000),806,0.00268667,9,CENTROID
[40000 ~ 50000),25,8.33333e-05,9,CENTROID
[50000 ~ 60000),7,2.33333e-05,9,CENTROID
[60000 ~ 70000),7,2.33333e-05,9,CENTROID
[70000 ~ 80000),0,0,9,CENTROID
[80000 ~ 90000),0,0,9,CENTROID
[90000 ~ 100000],0,0,9,CENTROID
[0 ~ 10000),40589,0.135297,10,CENTROID
[10000 ~ 20000),139629,0.46543,10,CENTROID
[20000 ~ 30000),118667,0.395557,10,CENTROID
[30000 ~ 40000),1073,0.00357667,10,CENTROID
[40000 ~ 50000),27,9e-05,10,CENTROID
[50000 ~ 60000),8,2.66667e-05,10,CENTROID
[60000 ~ 70000),7,2.33333e-05,10,CENTROID
[70000 ~ 80000),0,0,10,CENTROID
[80000 ~ 90000),0,0,10,CENTROID
[90000 ~ 100000],0,0,10,CENTROID
[0 ~ 10000),39228,0.13076,11,CENTROID
[10000 ~ 20000),132824,0.442747,11,CENTROID
[20000 ~ 30000),126470,0.421567,11,CENTROID
[30000 ~ 40000),1424,0.00474667,11,CENTROID
[40000 ~ 50000),37,0.000123333,11,CENTROID
[50000 ~ 60000),10,3.33333e-05,11,CENTROID
[60000 ~ 70000),6,2e-05,11,CENTROID
[70000 ~ 80000),1,3.33333e-06,11,CENTROID
[80000 ~ 90000),0,0,11,CENTROID
[90000 ~ 100000],0,0,11,CENTROID
[0 ~ 10000),38037,0.12679,12,CENTROID
[10000 ~ 20000),126587,0.421957,12,CENTROID
[20000 ~ 30000),133426,0.444753,12,CENTROID
[30000 ~ 40000),1891,0.00630333,12,CENTROID
[40000 ~ 50000),40,0.000133333,12,CENTROID
[50000 ~ 60000),11,3.66667e-05,12,CENTROID
[60000 ~ 70000),7,2.33333e-05,12,CENTROID
[70000 ~ 80000),1,3.33333e-06,12,CENTROID
[80000 ~ 90000),0,0,12,CENTROID
[90000 ~ 100000],0,0,12,CENTROID
[0 ~ 10000),37030,0.123433,13,CENTROID
[10000 ~ 20000),120933,0.40311,13,CENTROID
[20000 ~ 30000),139575,0.46525,13,CENTROID
[30000 ~ 40000),2395,0.00798333,13,CENTROID
[40000 ~ 50000),46,0.000153333,13,CENTROID
[50000 ~ 60000),13,4.33333e-05,13,CENTROID
[60000 ~ 70000),7,2.33333e-05,13,CENTROID
[70000 ~ 80000),1,3.33333e-06,13,CENTROID
[80000 ~ 90000),0,0,13,CENTROID
[90000 ~ 100000],0,0,13,CENTROID
[0 ~ 10000),36028,0.120093,14,CENTROID
[10000 ~ 20000),116107,0.387023,14,CENTROID
[20000 ~ 30000),144817,0.482723,14,CENTROID
[30000 ~ 40000),2978,0.00992667,14,CENTROID
[40000 ~ 50000),48,0.00016,14,CENTROID
[50000 ~ 60000),14,4.66667e-05,14,CENTROID
[60000 ~ 70000),6,2e-05,14,CENTROID
[70000 ~ 80000),2,6.66667e-06,14,CENTROID
[80000 ~ 90000),0,0,14,CENTROID
[90000 ~ 100000],0,0,14,CENTROID
[0 ~ 10000),35122,0.117073,15,CENTROID
[10000 ~ 20000),111716,0.372387,15,CENTROID
[20000 ~ 30000),149367,0.49789,15,CENTROID
[30000 ~ 40000),3712,0.0123733,15,CENTROID
[40000 ~ 50000),60,0.0002,15,CENTROID
[50000 ~ 60000),14,4.66667e-05,15,CENTROID
[60000 ~ 70000),7,2.33333e-05,15,CENTROID
[70000 ~ 80000),2,6.66667e-06,15,CENTROID
[80000 ~ 90000),0,0,15,CENTROID
[90000 ~ 100000],0,0,15,CENTROID
[0 ~ 10000),34296,0.11432,16,CENTROID
[10000 ~ 20000),107812,0.359373,16,CENTROID
[20000 ~ 30000),153216,0.51072,16,CENTROID
[30000 ~ 40000),4586,0.0152867,16,CENTROID
[40000 ~ 50000),67,0.000223333,16,CENTROID
[50000 ~ 60000),13,4.33333e-05,16,CENTROID
[60000 ~ 70000),8,2.66667e-05,16,CENTROID
[70000 ~ 80000),2,6.66667e-06,16,CENTROID
[80000 ~ 90000),0,0,16,CENTROID
[90000 ~ 100000],0,0,16,CENTROID
[0 ~ 10000),33548,0.111827,17,CENTROID
[10000 ~ 20000),104137,0.347123,17,CENTROID
[20000 ~ 30000),156657,0.52219,17,CENTROID
[30000 ~ 40000),5553,0.01851,17,CENTROID
[40000 ~ 50000),82,0.000273333,17,CENTROID
[50000 ~ 60000),13,4.33333e-05,17,CENTROID
[60000 ~ 70000),8,2.66667e-05,17,CENTROID
[70000 ~ 80000),2,6.66667e-06,17,CENTROID
[80000 ~ 90000),0,0,17,CENTROID
[90000 ~ 100000],0,0,17,CENTROID
[0 ~ 10000),32844,0.10948,18,CENTROID
[10000 ~ 20000),100843,0.336143,18,CENTROID
[20000 ~ 30000),159497,0.531657,18,CENTROID
[30000 ~ 40000),6702,0.02234,18,CENTROID
[40000 ~ 50000),87,0.00029,18,CENTROID
[50000 ~ 60000),17,5.66667e-05,18,CENTROID
[60000 ~ 70000),7,2.33333e-05,18,CENTROID
[70000 ~ 80000),3,1e-05,18,CENTROID
[80000 ~ 90000),0,0,18,CENTROID
[90000 ~ 100000],0,0,18,CENTROID
[0 ~ 10000),32203,0.107343,19,CENTROID
[10000 ~ 20000),97828,0.326093,19,CENTROID
[20000 ~ 30000),161783,0.539277,19,CENTROID
[30000 ~ 40000),8062,0.0268733,19,CENTROID
[40000 ~ 50000),96,0.00032,19,CENTROID
[50000 ~ 60000),17,5.66667e-05,19,CENTROID
[60000 ~ 70000),8,2.66667e-05,19,CENTROID
[70000 ~ 80000),3,1e-05,19,CENTROID
[80000 ~ 90000),0,0,19,CENTROID
[90000 ~ 100000],0,0,19,CENTROID
[0 ~ 10000),31603,0.105343,20,CENTROID
[10000 ~ 20000),95193,0.31731,20,CENTROID
[20000 ~ 30000),163575,0.54525,20,CENTROID
[30000 ~ 40000),9490,0.0316333,20,CENTROID
[40000 ~ 50000),109,0.000363333,20,CENTROID
[50000 ~ 60000),19,6.33333e-05,20,CENTROID
[60000 ~ 70000),8,2.66667e-05,20,CENTROID
[70000 ~ 80000),3,1e-05,20,CENTROID
[80000 ~ 90000),0,0,20,CENTROID
[90000 ~ 100000],0,0,20,CENTROID
[0 ~ 10000),31079,0.103597,21,CENTROID
[10000 ~ 20000),92651,0.308837,21,CENTROID
[20000 ~ 30000),165074,0.550247,21,CENTROID
[30000 ~ 40000),11044,0.0368133,21,CENTROID
[40000 ~ 50000),122,0.000406667,21,CENTROID
[50000 ~ 60000),19,6.33333e-05,21,CENTROID
[60000 ~ 70000),6,2e-05,21,CENTROID
[70000 ~ 80000),5,1.66667e-05,21,CENTROID
[80000 ~ 90000),0,0,21,CENTROID
[90000 ~ 100000],0,0,21,CENTROID
[0 ~ 10000),30548,0.101827,22,CENTROID
[10000 ~ 20000),90387,0.30129,22,CENTROID
[20000 ~ 30000),166155,0.55385,22,CENTROID
[30000 ~ 40000),12750,0.0425,22,CENTROID
[40000 ~ 50000),128,0.000426667,22,CENTROID
[50000 ~ 60000),21,7e-05,22,CENTROID
[60000 ~ 70000),6,2e-05,22,CENTROID
[70000 ~ 80000),5,1.66667e-05,22,CENTROID
[80000 ~ 90000),0,0,22,CENTROID
[90000 ~ 100000],0,0,22,CENTROID
[0 ~ 10000),30067,0.100223,23,CENTROID
[10000 ~ 20000),88254,0.29418,23,CENTROID
[20000 ~ 30000),166918,0.556393,23,CENTROID
[30000 ~ 40000),14590,0.0486333,23,CENTROID
[40000 ~ 50000),137,0.000456667,23,CENTROID
[50000 ~ 60000),22,7.33333e-05,23,CENTROID
[60000 ~ 70000),7,2.33333e-05,23,CENTROID
[70000 ~ 80000),5,1.66667e-05,23,CENTROID
[80000 ~ 90000),0,0,23,CENTROID
[90000 ~ 100000],0,0,23,CENTROID
[0 ~ 10000),29603,0.0986767,24,CENTROID
[10000 ~ 20000),86270,0.287567,24,CENTROID
[20000 ~ 30000),167479,0.558263,24,CENTROID
[30000 ~ 40000),16460,0.0548667,24,CENTROID
[40000 ~ 50000),153,0.00051,24,CENTROID
[50000 ~ 60000),22,7.33333e-05,24,CENTROID
[60000 ~ 70000),8,2.66667e-05,24,CENTROID
[70000 ~ 80000),5,1.66667e-05,24,CENTROID
[80000 ~ 90000),0,0,24,CENTROID
[90000 ~ 100000],0,0,24,CENTROID
[0 ~ 10000),29164,0.0972133,25,CENTROID
[10000 ~ 20000),84408,0.28136,25,CENTROID
[20000 ~ 30000),167716,0.559053,25,CENTROID
[30000 ~ 40000),18504,0.06168,25,CENTROID
[40000 ~ 50000),173,0.000576667,25,CENTROID
[50000 ~ 60000),22,7.33333e-05,25,CENTROID
[60000 ~ 70000),7,2.33333e-05,25,CENTROID
[70000 ~ 80000),6,2e-05,25,CENTROID
[80000 ~ 90000),0,0,25,CENTROID
[90000 ~ 100000],0,0,25,CENTROID
[0 ~ 10000),28732,0.0957733,26,CENTROID
[10000 ~ 20000),82691,0.275637,26,CENTROID
[20000 ~ 30000),167780,0.559267,26,CENTROID
[30000 ~ 40000),20570,0.0685667,26,CENTROID
[40000 ~ 50000),192,0.00064,26,CENTROID
[50000 ~ 60000),21,7e-05,26,CENTROID
[60000 ~ 70000),8,2.66667e-05,26,CENTROID
[70000 ~ 80000),6,2e-05,26,CENTROID
[80000 ~ 90000),0,0,26,CENTROID
[90000 ~ 100000],0,0,26,CENTROID
[0 ~ 10000),28352,0.0945067,27,CENTROID
[10000 ~ 20000),81153,0.27051,27,CENTROID
[20000 ~ 30000),167484,0.55828,27,CENTROID
[30000 ~ 40000),22771,0.0759033,27,CENTROID
[40000 ~ 50000),204,0.00068,27,CENTROID
[50000 ~ 60000),22,7.33333e-05,27,CENTROID
[60000 ~ 70000),8,2.66667e-05,27,CENTROID
[70000 ~ 80000),6,2e-05,27,CENTROID
[80000 ~ 90000),0,0,27,CENTROID
[90000 ~ 100000],0,0,27,CENTROID
[0 ~ 10000),27959,0.0931967,28,CENTROID
[10000 ~ 20000),79689,0.26563,28,CENTROID
[20000 ~ 30000),167071,0.556903,28,CENTROID
[30000 ~ 40000),25020,0.0834,28,CENTROID
[40000 ~ 50000),224,0.000746667,28,CENTROID
[50000 ~ 60000),23,7.66667e-05,28,CENTROID
[60000 ~ 70000),7,2.33333e-05,28,CENTROID
[70000 ~ 80000),7,2.33333e-05,28,CENTROID
[80000 ~ 90000),0,0,28,CENTROID
[90000 ~ 100000],0,0,28,CENTROID
[0 ~ 10000),27612,0.09204,29,CENTROID
[10000 ~ 20000),78322,0.261073,29,CENTROID
[20000 ~ 30000),166435,0.554783,29,CENTROID
[30000 ~ 40000),27344,0.0911467,29,CENTROID
[40000 ~ 50000),246,0.00082,29,CENTROID
[50000 ~ 60000),27,9e-05,29,CENTROID
[60000 ~ 70000),7,2.33333e-05,29,CENTROID
[70000 ~ 80000),7,2.33333e-05,29,CENTROID
[80000 ~ 90000),0,0,29,CENTROID
[90000 ~ 100000],0,0,29,CENTROID
[0 ~ 10000),27268,0.0908933,30,CENTROID
[10000 ~ 20000),77005,0.256683,30,CENTROID
[20000 ~ 30000),165742,0.552473,30,CENTROID
[30000 ~ 40000),29675,0.0989167,30,CENTROID
[40000 ~ 50000),267,0.00089,30,CENTROID
[50000 ~ 60000),29,9.66667e-05,30,CENTROID
[60000 ~ 70000),7,2.33333e-05,30,CENTROID
[70000 ~ 80000),7,2.33333e-05,30,CENTROID
[80000 ~ 90000),0,0,30,CENTROID
[90000 ~ 100000],0,0,30,CENTROID
[0 ~ 10000),26948,0.0898267,31,CENTROID
[10000 ~ 20000),75778,0.252593,31,CENTROID
[20000 ~ 30000),164953,0.549843,31,CENTROID
[30000 ~ 40000),31984,0.106613,31,CENTROID
[40000 ~ 50000),294,0.00098,31,CENTROID
[50000 ~ 60000),27,9e-05,31,CENTROID
[60000 ~ 70000),9,3e-05,31,CENTROID
[70000 ~ 80000),7,2.33333e-05,31,CENTROID
[80000 ~ 90000),0,0,31,CENTROID
[90000 ~ 100000],0,0,31,CENTROID
[0 ~ 10000),26579,0.0885967,32,CENTROID
[10000 ~ 20000),74651,0.248837,32,CENTROID
[20000 ~ 30000),164064,0.54688,32,CENTROID
[30000 ~ 40000),34347,0.11449,32,CENTROID
[40000 ~ 50000),314,0.00104667,32,CENTROID
[50000 ~ 60000),29,9.66667e-05,32,CENTROID
[60000 ~ 70000),9,3e-05,32,CENTROID
[70000 ~ 80000),7,2.33333e-05,32,CENTROID
[80000 ~ 90000),0,0,32,CENTROID
[90000 ~ 100000],0,0,32,CENTROID
[0 ~ 10000),26281,0.0876033,33,CENTROID
[10000 ~ 20000),73612,0.245373,33,CENTROID
[20000 ~ 30000),163000,0.543333,33,CENTROID
[30000 ~ 40000),36712,0.122373,33,CENTROID
[40000 ~ 50000),349,0.00116333,33,CENTROID
[50000 ~ 60000),30,0.0001,33,CENTROID
[60000 ~ 70000),9,3e-05,33,CENTROID
[70000 ~ 80000),7,2.33333e-05,33,CENTROID
[80000 ~ 90000),0,0,33,CENTROID
[90000 ~ 100000],0,0,33,CENTROID
[0 ~ 10000),26017,0.0867233,34,CENTROID
[10000 ~ 20000),72498,0.24166,34,CENTROID
[20000 ~ 30000),161960,0.539867,34,CENTROID
[30000 ~ 40000),39094,0.130313,34,CENTROID
[40000 ~ 50000),385,0.00128333,34,CENTROID
[50000 ~ 60000),30,0.0001,34,CENTROID
[60000 ~ 70000),9,3e-05,34,CENTROID
[70000 ~ 80000),7,2.33333e-05,34,CENTROID
[80000 ~ 90000),0,0,34,CENTROID
[90000 ~ 100000],0,0,34,CENTROID
[0 ~ 10000),25742,0.0858067,35,CENTROID
[10000 ~ 20000),71498,0.238327,35,CENTROID
[20000 ~ 30000),160839,0.53613,35,CENTROID
[30000 ~ 40000),41448,0.13816,35,CENTROID
[40000 ~ 50000),426,0.00142,35,CENTROID
[50000 ~ 60000),31,0.000103333,35,CENTROID
[60000 ~ 70000),9,3e-05,35,CENTROID
[70000 ~ 80000),7,2.33333e-05,35,CENTROID
[80000 ~ 90000),0,0,35,CENTROID
[90000 ~ 100000],0,0,35,CENTROID
[0 ~ 10000),25483,0.0849433,36,CENTROID
[10000 ~ 20000),70557,0.23519,36,CENTROID
[20000 ~ 30000),159688,0.532293,36,CENTROID
[30000 ~ 40000),43780,0.145933,36,CENTROID
[40000 ~ 50000),443,0.00147667,36,CENTROID
[50000 ~ 60000),32,0.000106667,36,CENTROID
[60000 ~ 70000),10,3.33333e-05,36,CENTROID
[70000 ~ 80000),7,2.33333e-05,36,CENTROID
[80000 ~ 90000),0,0,36,CENTROID
[90000 ~ 100000],0,0,36,CENTROID
[0 ~ 10000),25225,0.0840833,37,CENTROID
[10000 ~ 20000),69613,0.232043,37,CENTROID
[20000 ~ 30000),158638,0.528793,37,CENTROID
[30000 ~ 40000),46001,0.153337,37,CENTROID
[40000 ~ 50000),472,0.00157333,37,CENTROID
[50000 ~ 60000),34,0.000113333,37,CENTROID
[60000 ~ 70000),10,3.33333e-05,37,CENTROID
[70000 ~ 80000),7,2.33333e-05,37,CENTROID
[80000 ~ 90000),0,0,37,CENTROID
[90000 ~ 100000],0,0,37,CENTROID
[0 ~ 10000),24984,0.08328,38,CENTROID
[10000 ~ 20000),68752,0.229173,38,CENTROID
[20000 ~ 30000),157374,0.52458,38,CENTROID
[30000 ~ 40000),48330,0.1611,38,CENTROID
[40000 ~ 50000),509,0.00169667,38,CENTROID
[50000 ~ 60000),34,0.000113333,38,CENTROID
[60000 ~ 70000),10,3.33333e-05,38,CENTROID
[70000 ~ 80000),7,2.33333e-05,38,CENTROID
[80000 ~ 90000),0,0,38,CENTROID
[90000 ~ 100000],0,0,38,CENTROID
[0 ~ 10000),24759,0.08253,39,CENTROID
[10000 ~ 20000),67970,0.226567,39,CENTROID
[20000 ~ 30000),156122,0.520407,39,CENTROID
[30000 ~ 40000),50551,0.168503,39,CENTROID
[40000 ~ 50000),543,0.00181,39,CENTROID
[50000 ~ 60000),38,0.000126667,39,CENTROID
[60000 ~ 70000),10,3.33333e-05,39,CENTROID
[70000 ~ 80000),7,2.33333e-05,39,CENTROID
[80000 ~ 90000),0,0,39,CENTROID
[90000 ~ 100000],0,0,39,CENTROID
[0 ~ 10000),24536,0.0817867,40,CENTROID
[10000 ~ 20000),67161,0.22387,40,CENTROID
[20000 ~ 30000),154820,0.516067,40,CENTROID
[30000 ~ 40000),52843,0.176143,40,CENTROID
[40000 ~ 50000),582,0.00194,40,CENTROID
[50000 ~ 60000),41,0.000136667,40,CENTROID
[60000 ~ 70000),9,3e-05,40,CENTROID
[70000 ~ 80000),8,2.66667e-05,40,CENTROID
[80000 ~ 90000),0,0,40,CENTROID
[90000 ~ 100000],0,0,40,CENTROID
[0 ~ 10000),24305,0.0810167,41,CENTROID
[10000 ~ 20000),66412,0.221373,41,CENTROID
[20000 ~ 30000),153474,0.51158,41,CENTROID
[30000 ~ 40000),55122,0.18374,41,CENTROID
[40000 ~ 50000),628,0.00209333,41,CENTROID
[50000 ~ 60000),42,0.00014,41,CENTROID
[60000 ~ 70000),8,2.66667e-05,41,CENTROID
[70000 ~ 80000),9,3e-05,41,CENTROID
[80000 ~ 90000),0,0,41,CENTROID
[90000 ~ 100000],0,0,41,CENTROID
[0 ~ 10000),24080,0.0802667,42,CENTROID
[10000 ~ 20000),65660,0.218867,42,CENTROID
[20000 ~ 30000),152272,0.507573,42,CENTROID
[30000 ~ 40000),57257,0.190857,42,CENTROID
[40000 ~ 50000),672,0.00224,42,CENTROID
[50000 ~ 60000),42,0.00014,42,CENTROID
[60000 ~ 70000),8,2.66667e-05,42,CENTROID
[70000 ~ 80000),9,3e-05,42,CENTROID
[80000 ~ 90000),0,0,42,CENTROID
[90000 ~ 100000],0,0,42,CENTROID
[0 ~ 10000),23848,0.0794933,43,CENTROID
[10000 ~ 20000),65027,0.216757,43,CENTROID
[20000 ~ 30000),150910,0.503033,43,CENTROID
[30000 ~ 40000),59433,0.19811,43,CENTROID
[40000 ~ 50000),722,0.00240667,43,CENTROID
[50000 ~ 60000),43,0.000143333,43,CENTROID
[60000 ~ 70000),8,2.66667e-05,43,CENTROID
[70000 ~ 80000),9,3e-05,43,CENTROID
[80000 ~ 90000),0,0,43,CENTROID
[90000 ~ 100000],0,0,43,CENTROID
[0 ~ 10000),23653,0.0788433,44,CENTROID
[10000 ~ 20000),64396,0.214653,44,CENTROID
[20000 ~ 30000),149559,0.49853,44,CENTROID
[30000 ~ 40000),61546,0.205153,44,CENTROID
[40000 ~ 50000),783,0.00261,44,CENTROID
[50000 ~ 60000),46,0.000153333,44,CENTROID
[60000 ~ 70000),8,2.66667e-05,44,CENTROID
[70000 ~ 80000),9,3e-05,44,CENTROID
[80000 ~ 90000),0,0,44,CENTROID
[90000 ~ 100000],0,0,44,CENTROID
[0 ~ 10000),23460,0.0782,45,CENTROID
[10000 ~ 20000),63774,0.21258,45,CENTROID
[20000 ~ 30000),148218,0.49406,45,CENTROID
[30000 ~ 40000),63652,0.212173,45,CENTROID
[40000 ~ 50000),833,0.00277667,45,CENTROID
[50000 ~ 60000),46,0.000153333,45,CENTROID
[60000 ~ 70000),7,2.33333e-05,45,CENTROID
[70000 ~ 80000),10,3.33333e-05,45,CENTROID
[80000 ~ 90000),0,0,45,CENTROID
[90000 ~ 100000],0,0,45,CENTROID
[0 ~ 10000),23252,0.0775067,46,CENTROID
[10000 ~ 20000),63147,0.21049,46,CENTROID
[20000 ~ 30000),146929,0.489763,46,CENTROID
[30000 ~ 40000),65717,0.219057,46,CENTROID
[40000 ~ 50000),890,0.00296667,46,CENTROID
[50000 ~ 60000),47,0.000156667,46,CENTROID
[60000 ~ 70000),8,2.66667e-05,46,CENTROID
[70000 ~ 80000),10,3.33333e-05,46,CENTROID
[80000 ~ 90000),0,0,46,CENTROID
[90000 ~ 100000],0,0,46,CENTROID
[0 ~ 10000),23071,0.0769033,47,CENTROID
[10000 ~ 20000),62593,0.208643,47,CENTROID
[20000 ~ 30000),145636,0.485453,47,CENTROID
[30000 ~ 40000),67676,0.225587,47,CENTROID
[40000 ~ 50000),957,0.00319,47,CENTROID
[50000 ~ 60000),48,0.00016,47,CENTROID
[60000 ~ 70000),9,3e-05,47,CENTROID
[70000 ~ 80000),10,3.33333e-05,47,CENTROID
[80000 ~ 90000),0,0,47,CENTROID
[90000 ~ 100000],0,0,47,CENTROID
[0 ~ 10000),22895,0.0763167,48,CENTROID
[10000 ~ 20000),61985,0.206617,48,CENTROID
[20000 ~ 30000),144486,0.48162,48,CENTROID
[30000 ~ 40000),69543,0.23181,48,CENTROID
[40000 ~ 50000),1023,0.00341,48,CENTROID
[50000 ~ 60000),47,0.000156667,48,CENTROID
[60000 ~ 70000),11,3.66667e-05,48,CENTROID
[70000 ~ 80000),10,3.33333e-05,48,CENTROID
[80000 ~ 90000),0,0,48,CENTROID
[90000 ~ 100000],0,0,48,CENTROID
[0 ~ 10000),22727,0.0757567,49,CENTROID
[10000 ~ 20000),61387,0.204623,49,CENTROID
[20000 ~ 30000),143339,0.477797,49,CENTROID
[30000 ~ 40000),71395,0.237983,49,CENTROID
[40000 ~ 50000),1082,0.00360667,49,CENTROID
[50000 ~ 60000),48,0.00016,49,CENTROID
[60000 ~ 70000),12,4e-05,49,CENTROID
[70000 ~ 80000),10,3.33333e-05,49,CENTROID
[80000 ~ 90000),0,0,49,CENTROID
[90000 ~ 100000],0,0,49,CENTROID
[0 ~ 10000),22553,0.0751767,50,CENTROID
[10000 ~ 20000),60834,0.20278,50,CENTROID
[20000 ~ 30000),142086,0.47362,50,CENTROID
[30000 ~ 40000),73306,0.244353,50,CENTROID
[40000 ~ 50000),1151,0.00383667,50,CENTROID
[50000 ~ 60000),48,0.00016,50,CENTROID
[60000 ~ 70000),11,3.66667e-05,50,CENTROID
[70000 ~ 80000),11,3.66667e-05,50,CENTROID
[80000 ~ 90000),0,0,50,CENTROID
[90000 ~ 100000],0,0,50,CENTROID
[0 ~ 10000),22395,0.07465,51,CENTROID
[10000 ~ 20000),60312,0.20104,51,CENTROID
[20000 ~ 30000),140777,0.469257,51,CENTROID
[30000 ~ 40000),75237,0.25079,51,CENTROID
[40000 ~ 50000),1209,0.00403,51,CENTROID
[50000 ~ 60000),48,0.00016,51,CENTROID
[60000 ~ 70000),11,3.66667e-05,51,CENTROID
[70000 ~ 80000),11,3.66667e-05,51,CENTROID
[80000 ~ 90000),0,0,51,CENTROID
[90000 ~ 100000],0,0,51,CENTROID
[0 ~ 10000),22242,0.07414,52,CENTROID
[10000 ~ 20000),59844,0.19948,52,CENTROID
[20000 ~ 30000),139431,0.46477,52,CENTROID
[30000 ~ 40000),77129,0.257097,52,CENTROID
[40000 ~ 50000),1283,0.00427667,52,CENTROID
[50000 ~ 60000),49,0.000163333,52,CENTROID
[60000 ~ 70000),11,3.66667e-05,52,CENTROID
[70000 ~ 80000),11,3.66667e-05,52,CENTROID
[80000 ~ 90000),0,0,52,CENTROID
[90000 ~ 100000],0,0,52,CENTROID
[0 ~ 10000),22122,0.07374,53,CENTROID
[10000 ~ 20000),59323,0.197743,53,CENTROID
[20000 ~ 30000),138209,0.460697,53,CENTROID
[30000 ~ 40000),78900,0.263,53,CENTROID
[40000 ~ 50000),1372,0.00457333,53,CENTROID
[50000 ~ 60000),52,0.000173333,53,CENTROID
[60000 ~ 70000),11,3.66667e-05,53,CENTROID
[70000 ~ 80000),11,3.66667e-05,53,CENTROID
[80000 ~ 90000),0,0,53,CENTROID
[90000 ~ 100000],0,0,53,CENTROID
[0 ~ 10000),21989,0.0732967,54,CENTROID
[10000 ~ 20000),58786,0.195953,54,CENTROID
[20000 ~ 30000),137031,0.45677,54,CENTROID
[30000 ~ 40000),80644,0.268813,54,CENTROID
[40000 ~ 50000),1475,0.00491667,54,CENTROID
[50000 ~ 60000),53,0.000176667,54,CENTROID
[60000 ~ 70000),10,3.33333e-05,54,CENTROID
[70000 ~ 80000),12,4e-05,54,CENTROID
[80000 ~ 90000),0,0,54,CENTROID
[90000 ~ 100000],0,0,54,CENTROID
[0 ~ 10000),21868,0.0728933,55,CENTROID
[10000 ~ 20000),58253,0.194177,55,CENTROID
[20000 ~ 30000),135846,0.45282,55,CENTROID
[30000 ~ 40000),82390,0.274633,55,CENTROID
[40000 ~ 50000),1565,0.00521667,55,CENTROID
[50000 ~ 60000),56,0.000186667,55,CENTROID
[60000 ~ 70000),10,3.33333e-05,55,CENTROID
[70000 ~ 80000),12,4e-05,55,CENTROID
[80000 ~ 90000),0,0,55,CENTROID
[90000 ~ 100000],0,0,55,CENTROID
[0 ~ 10000),21723,0.07241,56,CENTROID
[10000 ~ 20000),57774,0.19258,56,CENTROID
[20000 ~ 30000),134773,0.449243,56,CENTROID
[30000 ~ 40000),84009,0.28003,56,CENTROID
[40000 ~ 50000),1642,0.00547333,56,CENTROID
[50000 ~ 60000),57,0.00019,56,CENTROID
[60000 ~ 70000),10,3.33333e-05,56,CENTROID
[70000 ~ 80000),12,4e-05,56,CENTROID
[80000 ~ 90000),0,0,56,CENTROID
[90000 ~ 100000],0,0,56,CENTROID
[0 ~ 10000),21602,0.0720067,57,CENTROID
[10000 ~ 20000),57282,0.19094,57,CENTROID
[20000 ~ 30000),133705,0.445683,57,CENTROID
[30000 ~ 40000),85589,0.285297,57,CENTROID
[40000 ~ 50000),1743,0.00581,57,CENTROID
[50000 ~ 60000),57,0.00019,57,CENTROID
[60000 ~ 70000),10,3.33333e-05,57,CENTROID
[70000 ~ 80000),12,4e-05,57,CENTROID
[80000 ~ 90000),0,0,57,CENTROID
[90000 ~ 100000],0,0,57,CENTROID
[0 ~ 10000),21466,0.0715533,58,CENTROID
[10000 ~ 20000),56855,0.189517,58,CENTROID
[20000 ~ 30000),132720,0.4424,58,CENTROID
[30000 ~ 40000),87064,0.290213,58,CENTROID
[40000 ~ 50000),1814,0.00604667,58,CENTROID
[50000 ~ 60000),59,0.000196667,58,CENTROID
[60000 ~ 70000),10,3.33333e-05,58,CENTROID
[70000 ~ 80000),12,4e-05,58,CENTROID
[80000 ~ 90000),0,0,58,CENTROID
[90000 ~ 100000],0,0,58,CENTROID
[0 ~ 10000),21336,0.07112,59,CENTROID
[10000 ~ 20000),56418,0.18806,59,CENTROID
[20000 ~ 30000),131639,0.438797,59,CENTROID
[30000 ~ 40000),88621,0.295403,59,CENTROID
[40000 ~ 50000),1902,0.00634,59,CENTROID
[50000 ~ 60000),62,0.000206667,59,CENTROID
[60000 ~ 70000),10,3.33333e-05,59,CENTROID
[70000 ~ 80000),12,4e-05,59,CENTROID
[80000 ~ 90000),0,0,59,CENTROID
[90000 ~ 100000],0,0,59,CENTROID
[0 ~ 10000),21205,0.0706833,60,CENTROID
[10000 ~ 20000),55981,0.186603,60,CENTROID
[20000 ~ 30000),130598,0.435327,60,CENTROID
[30000 ~ 40000),90134,0.300447,60,CENTROID
[40000 ~ 50000),1997,0.00665667,60,CENTROID
[50000 ~ 60000),63,0.00021,60,CENTROID
[60000 ~ 70000),10,3.33333e-05,60,CENTROID
[70000 ~ 80000),12,4e-05,60,CENTROID
[80000 ~ 90000),0,0,60,CENTROID
[90000 ~ 100000],0,0,60,CENTROID
[0 ~ 10000),21096,0.07032,61,CENTROID
[10000 ~ 20000),55562,0.185207,61,CENTROID
[20000 ~ 30000),129560,0.431867,61,CENTROID
[30000 ~ 40000),91584,0.30528,61,CENTROID
[40000 ~ 50000),2108,0.00702667,61,CENTROID
[50000 ~ 60000),68,0.000226667,61,CENTROID
[60000 ~ 70000),10,3.33333e-05,61,CENTROID
[70000 ~ 80000),12,4e-05,61,CENTROID
[80000 ~ 90000),0,0,61,CENTROID
[90000 ~ 100000],0,0,61,CENTROID
[0 ~ 10000),20951,0.0698367,62,CENTROID
[10000 ~ 20000),55171,0.183903,62,CENTROID
[20000 ~ 30000),128634,0.42878,62,CENTROID
[30000 ~ 40000),92928,0.30976,62,CENTROID
[40000 ~ 50000),2219,0.00739667,62,CENTROID
[50000 ~ 60000),74,0.000246667,62,CENTROID
[60000 ~ 70000),11,3.66667e-05,62,CENTROID
[70000 ~ 80000),12,4e-05,62,CENTROID
[80000 ~ 90000),0,0,62,CENTROID
[90000 ~ 100000],0,0,62,CENTROID
[0 ~ 10000),20825,0.0694167,63,CENTROID
[10000 ~ 20000),54823,0.182743,63,CENTROID
[20000 ~ 30000),127628,0.425427,63,CENTROID
[30000 ~ 40000),94306,0.314353,63,CENTROID
[40000 ~ 50000),2315,0.00771667,63,CENTROID
[50000 ~ 60000),80,0.000266667,63,CENTROID
[60000 ~ 70000),11,3.66667e-05,63,CENTROID
[70000 ~ 80000),12,4e-05,63,CENTROID
[80000 ~ 90000),0,0,63,CENTROID
[90000 ~ 100000],0,0,63,CENTROID
[0 ~ 10000),20694,0.06898,64,CENTROID
[10000 ~ 20000),54453,0.18151,64,CENTROID
[20000 ~ 30000),126578,0.421927,64,CENTROID
[30000 ~ 40000),95749,0.319163,64,CENTROID
[40000 ~ 50000),2419,0.00806333,64,CENTROID
[50000 ~ 60000),84,0.00028,64,CENTROID
[60000 ~ 70000),11,3.66667e-05,64,CENTROID
[70000 ~ 80000),12,4e-05,64,CENTROID
[80000 ~ 90000),0,0,64,CENTROID
[90000 ~ 100000],0,0,64,CENTROID
[0 ~ 10000),20586,0.06862,65,CENTROID
[10000 ~ 20000),54064,0.180213,65,CENTROID
[20000 ~ 30000),125598,0.41866,65,CENTROID
[30000 ~ 40000),97113,0.32371,65,CENTROID
[40000 ~ 50000),2527,0.00842333,65,CENTROID
[50000 ~ 60000),89,0.000296667,65,CENTROID
[60000 ~ 70000),11,3.66667e-05,65,CENTROID
[70000 ~ 80000),12,4e-05,65,CENTROID
[80000 ~ 90000),0,0,65,CENTROID
[90000 ~ 100000],0,0,65,CENTROID
[0 ~ 10000),20477,0.0682567,66,CENTROID
[10000 ~ 20000),53737,0.179123,66,CENTROID
[20000 ~ 30000),124645,0.415483,66,CENTROID
[30000 ~ 40000),98374,0.327913,66,CENTROID
[40000 ~ 50000),2654,0.00884667,66,CENTROID
[50000 ~ 60000),90,0.0003,66,CENTROID
[60000 ~ 70000),11,3.66667e-05,66,CENTROID
[70000 ~ 80000),12,4e-05,66,CENTROID
[80000 ~ 90000),0,0,66,CENTROID
[90000 ~ 100000],0,0,66,CENTROID
[0 ~ 10000),20378,0.0679267,67,CENTROID
[10000 ~ 20000),53397,0.17799,67,CENTROID
[20000 ~ 30000),123704,0.412347,67,CENTROID
[30000 ~ 40000),99639,0.33213,67,CENTROID
[40000 ~ 50000),2767,0.00922333,67,CENTROID
[50000 ~ 60000),91,0.000303333,67,CENTROID
[60000 ~ 70000),12,4e-05,67,CENTROID
[70000 ~ 80000),12,4e-05,67,CENTROID
[80000 ~ 90000),0,0,67,CENTROID
[90000 ~ 100000],0,0,67,CENTROID
[0 ~ 10000),20280,0.0676,68,CENTROID
[10000 ~ 20000),53005,0.176683,68,CENTROID
[20000 ~ 30000),122840,0.409467,68,CENTROID
[30000 ~ 40000),100853,0.336177,68,CENTROID
[40000 ~ 50000),2903,0.00967667,68,CENTROID
[50000 ~ 60000),95,0.000316667,68,CENTROID
[60000 ~ 70000),12,4e-05,68,CENTROID
[70000 ~ 80000),12,4e-05,68,CENTROID
[80000 ~ 90000),0,0,68,CENTROID
[90000 ~ 100000],0,0,68,CENTROID
[0 ~ 10000),20187,0.06729,69,CENTROID
[10000 ~ 20000),52640,0.175467,69,CENTROID
[20000 ~ 30000),122076,0.40692,69,CENTROID
[30000 ~ 40000),101948,0.339827,69,CENTROID
[40000 ~ 50000),3028,0.0100933,69,CENTROID
[50000 ~ 60000),96,0.00032,69,CENTROID
[60000 ~ 70000),13,4.33333e-05,69,CENTROID
[70000 ~ 80000),12,4e-05,69,CENTROID
[80000 ~ 90000),0,0,69,CENTROID
[90000 ~ 100000],0,0,69,CENTROID
[0 ~ 10000),20081,0.0669367,70,CENTROID
[10000 ~ 20000),52327,0.174423,70,CENTROID
[20000 ~ 30000),121239,0.40413,70,CENTROID
[30000 ~ 40000),103083,0.34361,70,CENTROID
[40000 ~ 50000),3146,0.0104867,70,CENTROID
[50000 ~ 60000),99,0.00033,70,CENTROID
[60000 ~ 70000),13,4.33333e-05,70,CENTROID
[70000 ~ 80000),12,4e-05,70,CENTROID
[80000 ~ 90000),0,0,70,CENTROID
[90000 ~ 100000],0,0,70,CENTROID
[0 ~ 10000),19982,0.0666067,71,CENTROID
[10000 ~ 20000),52008,0.17336,71,CENTROID
[20000 ~ 30000),120325,0.401083,71,CENTROID
[30000 ~ 40000),104273,0.347577,71,CENTROID
[40000 ~ 50000),3283,0.0109433,71,CENTROID
[50000 ~ 60000),104,0.000346667,71,CENTROID
[60000 ~ 70000),13,4.33333e-05,71,CENTROID
[70000 ~ 80000),12,4e-05,71,CENTROID
[80000 ~ 90000),0,0,71,CENTROID
[90000 ~ 100000],0,0,71,CENTROID
[0 ~ 10000),19868,0.0662267,72,CENTROID
[10000 ~ 20000),51758,0.172527,72,CENTROID
[20000 ~ 30000),119439,0.39813,72,CENTROID
[30000 ~ 40000),105361,0.351203,72,CENTROID
[40000 ~ 50000),3438,0.01146,72,CENTROID
[50000 ~ 60000),111,0.00037,72,CENTROID
[60000 ~ 70000),13,4.33333e-05,72,CENTROID
[70000 ~ 80000),11,3.66667e-05,72,CENTROID
[80000 ~ 90000),1,3.33333e-06,72,CENTROID
[90000 ~ 100000],0,0,72,CENTROID
[0 ~ 10000),19760,0.0658667,73,CENTROID
[10000 ~ 20000),51402,0.17134,73,CENTROID
[20000 ~ 30000),118633,0.395443,73,CENTROID
[30000 ~ 40000),106490,0.354967,73,CENTROID
[40000 ~ 50000),3577,0.0119233,73,CENTROID
[50000 ~ 60000),112,0.000373333,73,CENTROID
[60000 ~ 70000),14,4.66667e-05,73,CENTROID
[70000 ~ 80000),11,3.66667e-05,73,CENTROID
[80000 ~ 90000),1,3.33333e-06,73,CENTROID
[90000 ~ 100000],0,0,73,CENTROID
[0 ~ 10000),19660,0.0655333,74,CENTROID
[10000 ~ 20000),51112,0.170373,74,CENTROID
[20000 ~ 30000),117824,0.392747,74,CENTROID
[30000 ~ 40000),107518,0.358393,74,CENTROID
[40000 ~ 50000),3744,0.01248,74,CENTROID
[50000 ~ 60000),115,0.000383333,74,CENTROID
[60000 ~ 70000),15,5e-05,74,CENTROID
[70000 ~ 80000),11,3.66667e-05,74,CENTROID
[80000 ~ 90000),1,3.33333e-06,74,CENTROID
[90000 ~ 100000],0,0,74,CENTROID
[0 ~ 10000),19561,0.0652033,75,CENTROID
[10000 ~ 20000),50797,0.169323,75,CENTROID
[20000 ~ 30000),117099,0.39033,75,CENTROID
[30000 ~ 40000),108502,0.361673,75,CENTROID
[40000 ~ 50000),3895,0.0129833,75,CENTROID
[50000 ~ 60000),117,0.00039,75,CENTROID
[60000 ~ 70000),17,5.66667e-05,75,CENTROID
[70000 ~ 80000),11,3.66667e-05,75,CENTROID
[80000 ~ 90000),1,3.33333e-06,75,CENTROID
[90000 ~ 100000],0,0,75,CENTROID
[0 ~ 10000),19472,0.0649067,76,CENTROID
[10000 ~ 20000),50493,0.16831,76,CENTROID
[20000 ~ 30000),116405,0.388017,76,CENTROID
[30000 ~ 40000),109431,0.36477,76,CENTROID
[40000 ~ 50000),4047,0.01349,76,CENTROID
[50000 ~ 60000),122,0.000406667,76,CENTROID
[60000 ~ 70000),18,6e-05,76,CENTROID
[70000 ~ 80000),11,3.66667e-05,76,CENTROID
[80000 ~ 90000),1,3.33333e-06,76,CENTROID
[90000 ~ 100000],0,0,76,CENTROID
[0 ~ 10000),19401,0.06467,77,CENTROID
[10000 ~ 20000),50211,0.16737,77,CENTROID
[20000 ~ 30000),115675,0.385583,77,CENTROID
[30000 ~ 40000),110354,0.367847,77,CENTROID
[40000 ~ 50000),4201,0.0140033,77,CENTROID
[50000 ~ 60000),128,0.000426667,77,CENTROID
[60000 ~ 70000),18,6e-05,77,CENTROID
[70000 ~ 80000),11,3.66667e-05,77,CENTROID
[80000 ~ 90000),1,3.33333e-06,77,CENTROID
[90000 ~ 100000],0,0,77,CENTROID
[0 ~ 10000),19309,0.0643633,78,CENTROID
[10000 ~ 20000),49949,0.166497,78,CENTROID
[20000 ~ 30000),114906,0.38302,78,CENTROID
[30000 ~ 40000),111330,0.3711,78,CENTROID
[40000 ~ 50000),4344,0.01448,78,CENTROID
[50000 ~ 60000),132,0.00044,78,CENTROID
[60000 ~ 70000),18,6e-05,78,CENTROID
[70000 ~ 80000),11,3.66667e-05,78,CENTROID
[80000 ~ 90000),1,3.33333e-06,78,CENTROID
[90000 ~ 100000],0,0,78,CENTROID
[0 ~ 10000),19216,0.0640533,79,CENTROID
[10000 ~ 20000),49704,0.16568,79,CENTROID
[20000 ~ 30000),114129,0.38043,79,CENTROID
[30000 ~ 40000),112278,0.37426,79,CENTROID
[40000 ~ 50000),4504,0.0150133,79,CENTROID
[50000 ~ 60000),139,0.000463333,79,CENTROID
[60000 ~ 70000),18,6e-05,79,CENTROID
[70000 ~ 80000),11,3.66667e-05,79,CENTROID
[80000 ~ 90000),1,3.33333e-06,79,CENTROID
[90000 ~ 100000],0,0,79,CENTROID
[0 ~ 10000),19131,0.06377,80,CENTROID
[10000 ~ 20000),49434,0.16478,80,CENTROID
[20000 ~ 30000),113408,0.378027,80,CENTROID
[30000 ~ 40000),113162,0.377207,80,CENTROID
[40000 ~ 50000),4692,0.01564,80,CENTROID
[50000 ~ 60000),143,0.000476667,80,CENTROID
[60000 ~ 70000),18,6e-05,80,CENTROID
[70000 ~ 80000),11,3.66667e-05,80,CENTROID
[80000 ~ 90000),1,3.33333e-06,80,CENTROID
[90000 ~ 100000],0,0,80,CENTROID
[0 ~ 10000),19048,0.0634933,81,CENTROID
[10000 ~ 20000),49182,0.16394,81,CENTROID
[20000 ~ 30000),112711,0.375703,81,CENTROID
[30000 ~ 40000),114028,0.380093,81,CENTROID
[40000 ~ 50000),4854,0.01618,81,CENTROID
[50000 ~ 60000),146,0.000486667,81,CENTROID
[60000 ~ 70000),19,6.33333e-05,81,CENTROID
[70000 ~ 80000),10,3.33333e-05,81,CENTROID
[80000 ~ 90000),2,6.66667e-06,81,CENTROID
[90000 ~ 100000],0,0,81,CENTROID
[0 ~ 10000),18962,0.0632067,82,CENTROID
[10000 ~ 20000),48941,0.163137,82,CENTROID
[20000 ~ 30000),112042,0.373473,82,CENTROID
[30000 ~ 40000),114851,0.382837,82,CENTROID
[40000 ~ 50000),5027,0.0167567,82,CENTROID
[50000 ~ 60000),146,0.000486667,82,CENTROID
[60000 ~ 70000),19,6.33333e-05,82,CENTROID
[70000 ~ 80000),10,3.33333e-05,82,CENTROID
[80000 ~ 90000),2,6.66667e-06,82,CENTROID
[90000 ~ 100000],0,0,82,CENTROID
[0 ~ 10000),18882,0.06294,83,CENTROID
[10000 ~ 20000),48693,0.16231,83,CENTROID
[20000 ~ 30000),111349,0.371163,83,CENTROID
[30000 ~ 40000),115678,0.385593,83,CENTROID
[40000 ~ 50000),5213,0.0173767,83,CENTROID
[50000 ~ 60000),152,0.000506667,83,CENTROID
[60000 ~ 70000),21,7e-05,83,CENTROID
[70000 ~ 80000),10,3.33333e-05,83,CENTROID
[80000 ~ 90000),2,6.66667e-06,83,CENTROID
[90000 ~ 100000],0,0,83,CENTROID
[0 ~ 10000),18802,0.0626733,84,CENTROID
[10000 ~ 20000),48450,0.1615,84,CENTROID
[20000 ~ 30000),110675,0.368917,84,CENTROID
[30000 ~ 40000),116494,0.388313,84,CENTROID
[40000 ~ 50000),5390,0.0179667,84,CENTROID
[50000 ~ 60000),155,0.000516667,84,CENTROID
[60000 ~ 70000),21,7e-05,84,CENTROID
[70000 ~ 80000),11,3.66667e-05,84,CENTROID
[80000 ~ 90000),2,6.66667e-06,84,CENTROID
[90000 ~ 100000],0,0,84,CENTROID
[0 ~ 10000),18737,0.0624567,85,CENTROID
[10000 ~ 20000),48179,0.160597,85,CENTROID
[20000 ~ 30000),110040,0.3668,85,CENTROID
[30000 ~ 40000),117269,0.390897,85,CENTROID
[40000 ~ 50000),5583,0.01861,85,CENTROID
[50000 ~ 60000),157,0.000523333,85,CENTROID
[60000 ~ 70000),22,7.33333e-05,85,CENTROID
[70000 ~ 80000),11,3.66667e-05,85,CENTROID
[80000 ~ 90000),2,6.66667e-06,85,CENTROID
[90000 ~ 100000],0,0,85,CENTROID
[0 ~ 10000),18656,0.0621867,86,CENTROID
[10000 ~ 20000),47948,0.159827,86,CENTROID
[20000 ~ 30000),109378,0.364593,86,CENTROID
[30000 ~ 40000),118068,0.39356,86,CENTROID
[40000 ~ 50000),5754,0.01918,86,CENTROID
[50000 ~ 60000),160,0.000533333,86,CENTROID
[60000 ~ 70000),23,7.66667e-05,86,CENTROID
[70000 ~ 80000),10,3.33333e-05,86,CENTROID
[80000 ~ 90000),3,1e-05,86,CENTROID
[90000 ~ 100000],0,0,86,CENTROID
[0 ~ 10000),18591,0.06197,87,CENTROID
[10000 ~ 20000),47718,0.15906,87,CENTROID
[20000 ~ 30000),108665,0.362217,87,CENTROID
[30000 ~ 40000),118876,0.396253,87,CENTROID
[40000 ~ 50000),5949,0.01983,87,CENTROID
[50000 ~ 60000),165,0.00055,87,CENTROID
[60000 ~ 70000),23,7.66667e-05,87,CENTROID
[70000 ~ 80000),10,3.33333e-05,87,CENTROID
[80000 ~ 90000),3,1e-05,87,CENTROID
[90000 ~ 100000],0,0,87,CENTROID
[0 ~ 10000),18520,0.0617333,88,CENTROID
[10000 ~ 20000),47497,0.158323,88,CENTROID
[20000 ~ 30000),108008,0.360027,88,CENTROID
[30000 ~ 40000),119614,0.398713,88,CENTROID
[40000 ~ 50000),6156,0.02052,88,CENTROID
[50000 ~ 60000),169,0.000563333,88,CENTROID
[60000 ~ 70000),23,7.66667e-05,88,CENTROID
[70000 ~ 80000),10,3.33333e-05,88,CENTROID
[80000 ~ 90000),3,1e-05,88,CENTROID
[90000 ~ 100000],0,0,88,CENTROID
[0 ~ 10000),18460,0.0615333,89,CENTROID
[10000 ~ 20000),47228,0.157427,89,CENTROID
[20000 ~ 30000),107439,0.35813,89,CENTROID
[30000 ~ 40000),120331,0.401103,89,CENTROID
[40000 ~ 50000),6334,0.0211133,89,CENTROID
[50000 ~ 60000),172,0.000573333,89,CENTROID
[60000 ~ 70000),23,7.66667e-05,89,CENTROID
[70000 ~ 80000),10,3.33333e-05,89,CENTROID
[80000 ~ 90000),3,1e-05,89,CENTROID
[90000 ~ 100000],0,0,89,CENTROID
[0 ~ 10000),18388,0.0612933,90,CENTROID
[10000 ~ 20000),47030,0.156767,90,CENTROID
[20000 ~ 30000),106833,0.35611,90,CENTROID
[30000 ~ 40000),121005,0.40335,90,CENTROID
[40000 ~ 50000),6532,0.0217733,90,CENTROID
[50000 ~ 60000),176,0.000586667,90,CENTROID
[60000 ~ 70000),23,7.66667e-05,90,CENTROID
[70000 ~ 80000),10,3.33333e-05,90,CENTROID
[80000 ~ 90000),3,1e-05,90,CENTROID
[90000 ~ 100000],0,0,90,CENTROID
[0 ~ 10000),18300,0.061,91,CENTROID
[10000 ~ 20000),46811,0.156037,91,CENTROID
[20000 ~ 30000),106211,0.354037,91,CENTROID
[30000 ~ 40000),121730,0.405767,91,CENTROID
[40000 ~ 50000),6727,0.0224233,91,CENTROID
[50000 ~ 60000),184,0.000613333,91,CENTROID
[60000 ~ 70000),24,8e-05,91,CENTROID
[70000 ~ 80000),10,3.33333e-05,91,CENTROID
[80000 ~ 90000),3,1e-05,91,CENTROID
[90000 ~ 100000],0,0,91,CENTROID
[0 ~ 10000),18241,0.0608033,92,CENTROID
[10000 ~ 20000),46591,0.155303,92,CENTROID
[20000 ~ 30000),105610,0.352033,92,CENTROID
[30000 ~ 40000),122388,0.40796,92,CENTROID
[40000 ~ 50000),6947,0.0231567,92,CENTROID
[50000 ~ 60000),186,0.00062,92,CENTROID
[60000 ~ 70000),24,8e-05,92,CENTROID
[70000 ~ 80000),10,3.33333e-05,92,CENTROID
[80000 ~ 90000),3,1e-05,92,CENTROID
[90000 ~ 100000],0,0,92,CENTROID
[0 ~ 10000),18193,0.0606433,93,CENTROID
[10000 ~ 20000),46361,0.154537,93,CENTROID
[20000 ~ 30000),105046,0.350153,93,CENTROID
[30000 ~ 40000),123005,0.410017,93,CENTROID
[40000 ~ 50000),7168,0.0238933,93,CENTROID
[50000 ~ 60000),189,0.00063,93,CENTROID
[60000 ~ 70000),25,8.33333e-05,93,CENTROID
[70000 ~ 80000),10,3.33333e-05,93,CENTROID
[80000 ~ 90000),3,1e-05,93,CENTROID
[90000 ~ 100000],0,0,93,CENTROID
[0 ~ 10000),18134,0.0604467,94,CENTROID
[10000 ~ 20000),46120,0.153733,94,CENTROID
[20000 ~ 30000),104550,0.3485,94,CENTROID
[30000 ~ 40000),123582,0.41194,94,CENTROID
[40000 ~ 50000),7385,0.0246167,94,CENTROID
[50000 ~ 60000),191,0.000636667,94,CENTROID
[60000 ~ 70000),25,8.33333e-05,94,CENTROID
[70000 ~ 80000),10,3.33333e-05,94,CENTROID
[80000 ~ 90000),3,1e-05,94,CENTROID
[90000 ~ 100000],0,0,94,CENTROID
[0 ~ 10000),18059,0.0601967,95,CENTROID
[10000 ~ 20000),45918,0.15306,95,CENTROID
[20000 ~ 30000),103990,0.346633,95,CENTROID
[30000 ~ 40000),124188,0.41396,95,CENTROID
[40000 ~ 50000),7608,0.02536,95,CENTROID
[50000 ~ 60000),199,0.000663333,95,CENTROID
[60000 ~ 70000),25,8.33333e-05,95,CENTROID
[70000 ~ 80000),10,3.33333e-05,95,CENTROID
[80000 ~ 90000),3,1e-05,95,CENTROID
[90000 ~ 100000],0,0,95,CENTROID
[0 ~ 10000),17984,0.0599467,96,CENTROID
[10000 ~ 20000),45713,0.152377,96,CENTROID
[20000 ~ 30000),103435,0.344783,96,CENTROID
[30000 ~ 40000),124817,0.416057,96,CENTROID
[40000 ~ 50000),7813,0.0260433,96,CENTROID
[50000 ~ 60000),200,0.000666667,96,CENTROID
[60000 ~ 70000),25,8.33333e-05,96,CENTROID
[70000 ~ 80000),10,3.33333e-05,96,CENTROID
[80000 ~ 90000),3,1e-05,96,CENTROID
[90000 ~ 100000],0,0,96,CENTROID
[0 ~ 10000),17906,0.0596867,97,CENTROID
[10000 ~ 20000),45518,0.151727,97,CENTROID
[20000 ~ 30000),102963,0.34321,97,CENTROID
[30000 ~ 40000),125360,0.417867,97,CENTROID
[40000 ~ 50000),8008,0.0266933,97,CENTROID
[50000 ~ 60000),206,0.000686667,97,CENTROID
[60000 ~ 70000),26,8.66667e-05,97,CENTROID
[70000 ~ 80000),10,3.33333e-05,97,CENTROID
[80000 ~ 90000),3,1e-05,97,CENTROID
[90000 ~ 100000],0,0,97,CENTROID
[0 ~ 10000),17842,0.0594733,98,CENTROID
[10000 ~ 20000),45310,0.151033,98,CENTROID
[20000 ~ 30000),102444,0.34148,98,CENTROID
[30000 ~ 40000),125919,0.41973,98,CENTROID
[40000 ~ 50000),8234,0.0274467,98,CENTROID
[50000 ~ 60000),212,0.000706667,98,CENTROID
[60000 ~ 70000),26,8.66667e-05,98,CENTROID
[70000 ~ 80000),10,3.33333e-05,98,CENTROID
[80000 ~ 90000),3,1e-05,98,CENTROID
[90000 ~ 100000],0,0,98,CENTROID
[0 ~ 10000),17783,0.0592767,99,CENTROID
[10000 ~ 20000),45077,0.150257,99,CENTROID
[20000 ~ 30000),101960,0.339867,99,CENTROID
[30000 ~ 40000),126458,0.421527,99,CENTROID
[40000 ~ 50000),8465,0.0282167,99,CENTROID
[50000 ~ 60000),218,0.000726667,99,CENTROID
[60000 ~ 70000),26,8.66667e-05,99,CENTROID
[70000 ~ 80000),10,3.33333e-05,99,CENTROID
[80000 ~ 90000),3,1e-05,99,CENTROID
[90000 ~ 100000],0,0,99,CENTROID

